6201177,"ADIMACHINERY GEMAPERKASA, PT, Margomulyo Permai A 12 - 14"
6200437,"ANUGERAH INDAH ABADI, Tambak Langon 8"
96979337,"BOADCORE INDUSTRI, TMBAK LAMGON INDAH- PERMAI D-18"
6199456,"BUMIMAS MULTIKARYA PERKASA, Tambak Langon Indah I/37 Blok B-20"
96942425,"GAYA SUKSES MANDIRI KASEINDO, Margo Mulyo 63 A"
6197832,"HARMONI CAHAYA ELEKTRIK, Jl. Dumar Industri Blok A No 3"
16808041,"JAYA MAS MANDIRI PLUS, PT, Jl. Margomulyo Industri 44 Hh 19 ,"
6198311,"JAYA METAL SURABAYA, Jl. Margomulyo 66-F No. Kav 2"
97000194,"KAIROS LOGAM MAKMUR, PT, Jl. Margomulyo 44 Jj/14"
6201335,"KARYA SENI INDONESIA, PT, Jl. Margomulyo Permai Blok Ah No. 35"
2915160,"MAN ENERGY SOLUTIONS INDONESIA, JL MARGOMULYO 44"
96968066,"MOULDING UTAMA SEMESTA, PT, JL. GREGES JAYA II/8-A, SURABAYA"
6197733,"MULTI REKAT, Jl. Margomulyo 51A Kav. 15"
4385768,"NIFANG ELEKTRIK, JL. MARGOMULYO PERMAI"
96983860,"PRIMA SARUTAMA WIJAYA, PT, Jl. Tambak Langon Indah No. 4 ,"
96723598,"PRIMAL SURF INTERNATIONAL, PT, Jl. Margomulyo Permai Iii/ 14B"
6201261,"RAFKO GAP, Jl. Margomulyo 44/L-12-A"
6207377,"SABE INDONESIA, Jl. Greges Jaya Ii No. C-9"
6207341,"SAMUDRA LUAS ABADI, Jl: Margomulyo Permai"
16758772,"Sentral Baja Indonesia, JL. Greges Jaya II No. 8 Blok C-9, Kota Surabaya, Provinsi Jawa Timur"
KI35780097,"ABADI PELAMPUNG, PT"
98060866,"ADI SAPUTRA UCP, Jl. Kedung Cowek 177, Surabaya"
6198051,"BABA PRIMA MANUFACTURING, PT, Jl. Kenjeran No.411"
6206808,"BERKAT KHARISMA SEJAHTERA, Jl. Tenggilis Mejoyo Selatan 1 No.4"
6199520,"CITRASAMINDO RAYA, Jl. Prapen Indah F 7"
6198369,"DYNASTY MAS PRIMA, Jl. Kenjeran No. 627"
KI35780024,"ENVIRONEER, JL RUNGKUT INDUSTRI III NO.37"
6206824,"HARVEST, UD, Jl. Sarono.Jiwo 3 No.37"
6206970,"INDOPRINT ABADI, Jl. Tenggilis Timur Viii/1C"
98060773,"INDOREKA, PT, Jl. Raya Tenggilis R.27,"
96973803,"INDUSTRI MEBEL, JL MASJID NO 18-22"
97733633,"MEBEL SINAR LAKSANA JAYA, Jl. Masjid No.18 Prapen / Jl. Masjid 11"
98060892,"MEUBEL FURNITUR NASRUDIN, Jl. Nambangan 128, Surabaya,"
98060779,"MORO DADI, UD, Jl. Karang Asem Xiv/80 ,"
96900913,"NEW BINTANG APOLLO, PT, Jl. Jambangan 124"
96901705,"PAKABAYA, PT, Jl. Pagesangan 44, Surabaya"
4451584,"RAGAM CITRA HARMONI, PT, SUTOREJO TENGAH 14 NO 55-61"
KI35780075,"RUNGKUT CAHAYA INDUSTRI, PT, JL. RUNGKUT INDUSTRI IV NO. 6"
16758773,"Somawi Surya Semesta, JL SOPONYONO PRAPEN MASJID"
96976896,"SURYA INDAH (GARMEN), CV, JL. KENJERAN 476"
96910066,"SURYAH TERANG CV, JL RAYA PANJANG JIWO PERMAI 1A / 3"
6207646,"TEMPRINA MEDIA GRAFIKA, PT, Jl. Karah agung 45 Jambangan Surabaya"
4390881,"TUJU KUDA HITAM SAKTI, JL MULYOREJO"
6207266,"VICTORY INDAH PERKASA, Jl. Kyai Tambak Deres 292"
6206740,"ALIMY, Jl. Kedondong No. 22"
6207417,"AND TECHNICAL SERVICES, Jl. Bendul Merisi Indah No. 5"
96674897,"BATIK DEWI SARASWATI, Jemursari Utara 2/19"
2896446,"CHANDRA INDO GARMEN, TUNJUNGAN PLAZA IV RUANG UNIT 2.16-2.17 JL EMBONG MALANG"
96987595,"GUNUNG KELUD , UD, Jl. Kedung Doro No. 28 ,"
96977968,"INFO GLOBAL, PT, JL. DINOYO 109"
2747069,"JAYA PUTRA MULTIGUNA, Komplek Pertokoan Mangga Dua Blok B-8 No. 3 Jl. Jagir Wonokromo No. 100"
KI35780061,"NASIONAL AGUNG JAYA, JL RUNGKUT INDUSTRI IV NO 8"
7489273,"NIAGA ANEKA MODE, RUKO TAMAN BINTORO JL TAMAN KETAMPON 61-65, RT 005, RW 014, DR SOETOMO -TEGALSARI SURABAYA"
96768508,"PERCETAKAN (ZIKRUL HAKIM), JL JAMBANGAN"
96970935,"PETI MATI ARIO, PT, Jl. Dinoyo 94-96"
2513818,"PISON ALAM RAYA, JL. JEMUR ANDAYANI KAV. 50 RUKO SURYA INTI PERMATA, SIWALANKERTO"
94421007,"PT. Berca Indonesia, Surabaya Office, Service Centre, Jl. Kutai No.24, Darmo, Kec. Wonokromo, Surabaya, Jawa Timur 60241"
2776172,"RODA LENTERA ALAMI, JL GAYUNG KEBONSARI MANUNGGAL"
4310945,"SARANA PACKAGING AGRAPANA, JL IMAM BONJOL"
3504859,"SARANA TEKNO DIGITAL, Jl. Porong No. 1"
16808582,"SATRIA UTAMA ABADI, JL. KEDUNG DORO NOMOR 112-F"
7482254,"SOLUSI REKATAMA PERSADA, JL NGAGEL JAYA SELATAN RMI BLOK I NO 21"
KI35780165,SPIKOE RESEP KUNO
6353548,"SUDIMORO, Jl. Bendul Merisi Selatan Gang Buntu No. 24"
3202576,"TRAFOINDO PRIMA PERKASA, JALAN KUTISARI"
96991767,"TRICOPLA, PT, Jl. Dinoyo No.35, Keputran, Kec. Tegalsari, Surabaya, Jawa Timur 60265"
3893025,"TRILUHUR RAYAABADI, JL.JEMURSARI UTARA V"
16808930,"WARDHANI, Jalan Bagong Ginayan 1/26 - A"
96989788,"WARNA WARNI PT <REKLAME>, WONOREJO 2 NO 99"
2499165,"YOSO MAKMUR, Jalan Bratang Gede III C NO. 8A"
96993723,"DAIMATU INDUSTRY IND, PT, JL. DINOYO NO. 31, SURABAYA"
2571744,"ARTAKIMIA KARUNIA ABADI, Ciputra World, Jl. Mayjen Sungkono No.89 27th Floor, Gunung Sari, Dukuhpakis, Surabaya, East Java 60224"
16807599,"ARTHA ADIPERSADA, Jl. Margomulyo 44 Blok NN No. 04"
97003725,"CV GLOBAL <ANDRI>, PRADA PERMAI GANG 8 NO 22-24"
4332448,"DANTRINDO, GEDUNG SPAZIO OFFICE BUILDING LT 5 JL MAYOR JENDERAL YONO SOEWOYO KAV 3"
3183042,"ERATEX DJAJA TBK., GEDUNG SPAZIO LT.3 GRAHA FESTIVAL KAV 3 GRAHA FAMILY JL MAYJEND YONO SOEWOYO"
6200288,"INDUSTRI VENDOPAINT INDONESIA, PT, Jl. Tanjungsari 44-I Kel. Simonulyo Baru, Surabaya"
98060873,"JI SHUI MULIA ABADI, PT, Jl. Tanjungsari 40 Am,"
96855934,"KARATU ABADI JAYA, CV, Jl. Pradah Indah No.39 ,"
2519563,"KARUNIA SUKRON JAYA, JL DUKUH KALIKENDAL"
96955764,"Maju Makmur Lestari Anggono, Jl. Raya Tanjungsari No.53"
4358301,"MANDALINDO TATAPERKASA, Jl. Dukuh Kupang Barat I No.194-196, Dukuh Kupang, Kec. Dukuhpakis, Surabaya, Jawa Timur 60225"
4031892,"MEDIA DELTA ESPE, RUKO RICH PALACE H 19-20, JL MAYJEN SUNGKONO"
4233500,"NEMROD RUBBER INDONESIA, Jl. Tanjungsari no. 40 AN"
4546971,"PEMUDA HIDUP SENTOSA, KUPANG BARU I"
4322437,"PHILLIPS PERKASA INDONESIA, RUKO VILLA BUKIT MAS JL ABDUL WAHAB SIAMIN"
96947341,"PT MASTEK TEKSTILE INDONESIA, SPAZIO OFFICE"
16808486,"READY MIX, PT/SCG READYMIX INDONESIA, Jl. Raya Sukomanunggal Jaya 2 H/Dupak Rukun Tambak Mayor 1"
96967482,"REMAJA PERDANA I PT, Jl. Sukomanunggal No.224, Sukomanunggal, Kec. Sukomanunggal, Surabaya, Jawa Timur 60188"
96965489,"REMAJA PRIMA ENGINEERING, PT, Jl. Tanjungsari 18,"
3162455,"ROYAL ORIENTAL RAPLASTEX, JL. SIMO TAMBAAN II NO. 52-54"
3315660,"SURABAYA KENCANA ANUGRAH, JL RAYA DARMO PERMAI"
6197869,"SUTINDU CHEMICAL INDONESIA, PT, Jl. Tanjungsari 44-I, Surabaya"
3182707,"TANJUNG NILAM, JL.TANJUNGSARI NO 23 RT.001 RW.002, SUKOMANUNGGAL"
96969136,"TANJUNG TIARA, PT, Jl. Tanjungsari 23"
96997639,"WANGTA AGUNG PT, Simo Pomahan 448"
96999392,"WONOSARI JAYA, PT, Jl. Simo Jawar 1/130D"
4811975,"2KONVEKSI KAOS <ACHMAD YANI>, DONOKERTO 2 RT: 03 RW: 07 KODEPOS: 60141"
97001215,"ALSTOM POWER ENERGY SYSTEM PT, JL JELEDUK"
3020644,"DHARMABUSANA ELOKSINGGASANA, JL SIDOYOSO III"
3240038,"GUNA BANGUN JAYA, JL SIDODADI"
6207463,"INDOSALUYU PRIMAJAYA, PT, Jl. Sidorame, No. 17"
6469704,"INTEGRASI IDE INDONESIA, PT, Jl. Gembong Gang 5 No. 6, Kapasan, Simokerto, Surabaya"
96691690,"KALIROTO, PT, Jl. Sidorame 19, Surabaya"
96972643,"KECAP CAP JERUK PECEL TULEN PT, Jl. Sidodadi Baru No.15A, Simokerto, Kec. Simokerto, Surabaya, Jawa Timur 60143"
3187122,"NAR STAINLESS STEEL CENTER,PT, JL. DEMAK TIMUR 7"
96859478,"PERCETAKAN (BUDI SETYADI), TAMBAK ADI NO 44"
98060882,"PRIMA DWI NUSA, PT, Hangtuah, Ujung Surabaya"
97737144,"PT DAMAI, Jl. Sidodadi 124 ,"
6200343,"RUDY DARMA ENGINEERING, PT, Jl. Demak No. 170"
16808531,"SAHABAT EVERVAN SEJAHTERA, PT, Jl. Kedung Cowek No 353,"
98060797,"SUMBER MAS, FA /GELORA MAS , PT, Jl. Gembong Sawah Iii/8 ,"
97002288,"TOP WELL INDOCEIL, PT, Jl. Kedung Cowek No.362"
97003297,"USFI, PT/USAHA SEKAWAN FARMASI IND, PT, Jl. Kedung Cowek No. 343-345 ,"
96998535,"ADELA GARMEN, Jl. Kemlaten Xi/3 ,"
6206938,"ALVICONS,PT, Jl. Mastrip Kemlaten No.12"
3895047,"ANTAR SURYA MEDIA, Jl. Rungkut Industri III No.68-70, Rungkut Tengah, Kec. Gn. Anyar, Surabaya, Jawa Timur 60293"
6354220,"Eastmatix Universal Solusindo, RUNGKUT PERMAI I-D NO. 5 RT. 003 RW. 006"
16807847,"FIRST INDONESIA REFURBISH MANUFACTUR,, Jl. Mastrip 90,"
KI35780028,"GOLDEN CENDANA JAYA, PT, JL.RUNGKUT INDUSTRI IV NO.4"
96907273,"GOOD YEAR , CV, Jl. Kesatrian No.30 Karangpilang ,"
96675972,"LINTECH FUJIKEN ENGINEERING, PT, Jl. Mastrip 70 Kawasan Industri Wira Jatim"
96913391,"LOKA REFRACTORIES WIRA JATIM, PT, Jl. Mastrip 24 Karang Pilang"
3740190,"MAJU MEGA MANDIRI, WISMA SIER LT. I JL. RUNGKUT INDUSTRI RAYA NO. 10 RT 000 RW 000, RUNGKUT TENGAH"
6201005,"MULTI URETHANE INDONESIA, Jl. Rungkut Industri Iii No. 79"
3874986,"MULYO MUKTI BERSAMA, JL GUNUNG ANYAR LOR"
4016352,"PAPERTECH, CV, Jl. Raya Panjang Jiwo Permai No. 38"
96916819,"PERCETAKAN, JL RAYA KEBRAON"
4356924,"PERDAMAIAN INDONESIA, PT, Jl. Mastrip 43 Kedurus Karangpilang"
6703014,"Pompa Dex Indoguna, PT, Jl. Rungkut Industri VIII No. 15"
96686601,"PT ASIA TILE, JL MASTRIPKARANG PILANG NO 201 RT 1 RW 1 60221"
96994826,"PT FIRST INDONESIA REFURBISH MANUFACTURING, Kemlaten Jl. Raya Mastrip Kemlaten No.24, Kebraon, Kec. Karangpilang, Surabaya, Jawa Timur 60222"
96684429,"PT. HAIR STAR INDONESIA, Kawasan industri SIER, Nomor 73, Jl. III, Rungkut Industri, Rungkut Menanggal, Kec. Gn. Anyar, Surabaya, Jawa Timur 60293"
4417622,"SEMESTA ELTRINDO PURA, JL RAYA MASTRIP KEDURUS"
6470493,"SUGENG TJAHJONO, Jl. Kebraon Ii / 71-73"
3185689,"SUMMITAMA INTINUSA, Jl. Pahlawan No 57"
4118335,"WISMA WIRA JATIM, KAWASAN INDUSTRI WIRA JATIM JL MASTRIP KARANGPILANG"
7489579,"ZEUS TEMBAKAU NUSANTARA, JL. RUNGKUT INDUSTRI IV/32"
6471185,"AIRMAS SEMESTA ASRI, Jl Kebraon II no 109"
98060847,"ASIA VICTORY INDUSTRI LTD, PT, JL. KARANGPILANG BARAT 201"
KI35780012,"BAMBANG DJAYA PT, JL. RUNGKUT INDUSTRI III NO.56"
94420870,"BOMA BISMA INDRA, PT, Jl. Kh. Mas Mansyur 229"
97003253,"CING FONG,CV, Jl. Kedinding Indah No.8 A"
6199660,"GAPURA SURYA, Jl. Bangkingan No.97"
96919857,"GELORA DJAJA PT, Jl. Buntaran No.9"
96886163,"HENSON FARMA, PT, Jl. Karang Pilang Barat 200"
4072657,"INTI BUMI KREASINDO, PERUMAHAN PONDOK MARITIM LAMA"
KI35780139,"JATIM MUSTIKA SARANA STEEL, PT"
KI35780039,"KALIMANTAN STEEL, JL RUNGKUT INDUSTRI RAYA NO 17"
3628516,"MASH MOSHEM INDONESIA, RUKO MOCA TERRACE"
3844768,"Perkasa Adi Daya Indonesia, PT, JL. Gresik No. 58 RT. 005 RW. 02, Perak Barat"
96851467,"PERURI WIRA TIMUR, PT, A YANI 119"
3853203,"PURI PANCA PUJIBANGUN, Jl. Mastrip 70 Karangpilang (Kawasan Industri Wirajatim)"
4418311,"SARANA WARNAMEGAH, JL RAYA DUKUH KUPANG"
16818089,"Steel Pipe Industry Of Indonesia Tbk, PT, DS. Warugunung -Kec. Karangpilang, Surabaya"
98060759,"SUMBER MAS, Jl. Lidah Wetan No.24 ,"
96942787,"SUPARMA TBK, PT, MASTRIP NO 856 WARUGUNUNG , JL"
96942616,"SUPLIER KERANGKA ATAP, BABATAN MUKTI F-17"
96759798,"SURABAYA MEKA BOX UNIT KALENG, PT, Jl. Kemayoran Baru No.86, Kemayoran, Kec. Krembangan, Surabaya, Jawa Timur 60176"
96989443,"SURYA PUTRA BARUTAMA,PT, JL. Raya Kedurus, No. 23, Kedurus, Karangpilang, 60223, Kedurus, Kec. Karangpilang, Surabaya, Jawa Timur 60223"
96904656,"SURYA STEEL ABADI, PT, Jl. Raya Pakal No.35"
3700441,"Syaffa Inti Medika, PT, Griya Babatan mukti blok P no 6"
97002736,"THAMARGA JAYA SEJAHTERA, PT, Jl. Hr Muhammad 151 Dukuh Pakis"
3785725,"TRI MEGAH JAYA ABADI, Wiyung Brantas Permai 6 no. 10"
96868405,"WAHANA WIRAWAN, Jl. A Yani No. 248"
6197794,"AUSTEEL INTERNASIONAL METAL, Pergudangan Margomulyo Permai Blok Q No.21"
6207501,"BERKAT SUKSES ABADI, Margomulyo Indah I F39"
3303405,"BINTANG MAJU MAPAN, JL RAYA GEDANG ASIN"
3323956,"DWI IVAN PANJAYA, Pergudangan Manukan Kulon 60 Blok C No 8"
96978105,"HAPETE, PT, Jl. Margomulyo Indah No. 18-A,"
96986285,"HAWI BAJA, PT, Margomulyo Indah Blok F Kav 11"
6199416,"INDO METAL FORMING, Margomulyo Indah E2-3"
2733755,"INDUSTRI LIFTINDO NUSANTARA, Jl. Raya Manukan 60 Blok E-3"
4294271,"JAYA SUKSES ABADI, JL.BANJARSUGIHAN NO.45 RT.006 RW.004"
96983546,"KAYAN JAYA TANJUNG, PT, Jl. Margomulyo Indah Ib/18-22"
6469550,"Mulya Petra Panelindo, Jl. Margomulyo Indah Blok F-10"
96967673,"PELITA GUNATAMA PERSADA, PT, Jl. Margomulyo Indah B-32,"
96983767,"Pt Sumber Rejeki Varia, Jl Margomulyo Indah Blok A No.16C"
4032769,"SANKO REMAJA INDONESIA, MARGOMULYO INDAH I BLOK B NO.14, BUNTARAN"
2842116,"SEMESTA JAYA ABADI, Komp. Pergudangan Margomulyo Jaya Blok C-28 (Lama : Jl.Sentong Asri Blok C-28)"
96977378,"SENTOSA ADI MAKMUR, PT, Margomulyo Indah B6 No.18"
97000801,"SENTRAL BAHANA EKATAMA PT, RAYA MANUKAN KULON 90-100"
6207515,"SIMA DELAPAN INDONESIA, Jl. Margomulyo Indah F19"
6206909,"SLAMET PRAMONO / TRI INDAH JAYA, UD, Jl.Raya Lidah Kulon No.27"
2585790,"STAR NICE, PT, Jl. Manukan Wetan No.60/A-2"
6207265,"SUKSES BUANA KARYA, Jl. Manukan Kulon No.134"
3144368,"SURYAMAS INDAH GEMILANG, JL MARGOMULYO INDAH BLOK C NO 29"
6472754,"WELLSUN PLASTIC TECHNOLOGY INDONESIA, Jl. Raya Manukan Kulon No. 96-98"
96915365,"WISMILAK INTI MAKMUR TBK, PT, Jl. Buntaran 9A"
96977178,"ALINDEX, PT, Jl. KaliJUdan Madya I/11-15"
96986676,"ARDANA KARUNA DELTA PT, KLAMPIS SEMOLO TIMUR 12 NO 7 C"
2841556,"ASIA KOSMETIK JAYA, JL MULYOSARI TENGAH NO. 97B"
6703011,"Berkarya Putra Inovasi, PT, Jl. Mleto No. 42 D"
3283849,"BON AMI ABADI, JL BABATAN PANTAI UTARA"
96957142,"CV DIAMATRA PERSADA, cv. diamatra persadaJl, Jl. Medokan Keputih No.a12-a14, Keputih, Kec. Sukolilo, Surabaya, Jawa Timur 60111"
2889677,"GOLDEN EYE KREATIFINDO, KOMPLEK KLAMPIS MEGAH"
4558089,"Indocrane Wahana Solusindo, PT, KEPUTIH TEGAL NO. 29"
6207523,"INTAKE TEKNOLOGI INDONESIA, PT, Jl. Kalijudan Madya I No. 19-21 (Bagian Belakang Ii/18)"
6206822,"JAYA BAHAGIA, ud, Jl. Wisma Permai Tengah V/Cc-33"
3167618,"MAKMUR MARINA METALINDO, WISMA PERMAI TENGAH 1/AA-8 RT.000 RW.000, MULYOREJO"
6201171,"PREMIUM PARFUM INDONESIA, Jl. Nginden Semolo 42 B-19"
96975912,"PT GARAM PERSERO, KLAMPIS NGASEM"
6206624,"RUDY ABADI BERSAMA, Jl. Medokan Keputih 25"
16808548,"SAMUDRA PERKASA, JL. SUKO SEMOLO TENGAH II/Q-30 RT 004 RW 011"
7476198,"SEKAWAN KAYA RAYA, Imeperial Beach F11 Nomor 6, Lantai 2, Pakuwon City"
6354225,"SEMERU INDAH PUTRA, JL SEMOLOWARU UTARA GANG 2 NOMER 15"
2724703,"SEPATU TEKNOLOGI INDONESIA, JALAN MANYAR KARTIKA 1/52"
96716881,"SURYA TEJAKUSUMA AGUNG, PT, Jl. Raya Kedung Asem 51-51A,"
4525466,"TOPAS, JL RAYA MULYOSARI"
96977028,"TRI JAYA PLASTIK , CV, Kenjeran 516 Kav 24"
2807975,"ULTIMA DESAIN OTOMOTIF, JL KEPUTIH TEGAL"
96973280,"ABC ENERGY, PT, Ruko Graha Soetomo, Jl. Dr. Soetomo No.136-138 D-3, Darmo, Kec. Wonokromo, Surabaya, Jawa Timur 60241"
2756424,"AMAK FIRDAUS UTOMO, JL. DIPONEGORO"
KI35780106,BAGLA GROUP INDONESIA
4529131,"BARREL PERDANA INDONESIA, JL NGAGEL TAMA TENGAH"
96998021,"BESA SEKAR GUNA PT, Jl. Dharmahusada 160 Blok C, D & F, Jawa Timur 60285"
4395975,"BUMI RAYA SEGAR, JALAN DHARMA HUSADA INDAH BARAT 2/55 (A-58) RT 008 RW 004"
KI35780113,CAHAYA LAJU SUKSES
96849226,"CATERING DUTA <WINARNI>, Pucang taman no 14"
7484689,"CAYADEWI SEHAT INDONESIA ABADI, Jl. Panjang Jiwo 48-50"
98060770,"CIPTA KARUNIA SEJATI, CV, JL. NGAGEL DADI 1H NO. 8, SURABAYA"
3366547,"DIAN HERBAHAL, Jl. Wonokromo No.107, Jagir, Kec. Wonokromo, Surabaya, Jawa Timur 60243"
3806638,"DIPANEGARA, Jl. Ngagel Wasana III No.34 C, Baratajaya, Kec. Gubeng, Surabaya, Jawa Timur 60284"
KI35780129,GRANDVILLE FOOD INDONESIA
KI35780140,JAYA TRIMERU MANDIRI
KI35780141,KHARISMA MANDIRI
3991286,"KIBAR KREATIF INDONESIA, JL UBI VI"
3118071,"KONTEN DIGITAL MEDIA, JALAN DARMOKALI NOMOR 3"
4297948,"MEKAR JAYA ABADI, JL NGAGEL"
3174464,"MILAGROS INDONESIA MEGAH, RUKO MANGGA DUA A"
4113287,"MODENA INDONESIA, Jl. Gunungsari No.5b, Sawunggaling, Kec. Wonokromo, Surabaya, Jawa Timur 60242"
96973942,"PAPILON PRINT, CV, Jl. Dr. Sutomo No. 136"
3185559,"PERTAMINA (PERSERO), JL JAGIR"
KI35780068,"PT ATLAS COPCO INDONESIA, KAWASAN SIER, JL. RUNGKUT INDUSTRI VII NO. 6, SURABAYA"
KI35780069,"PT CHAKRA JAWARA, JL. RUNGKUT INDUSTRI RAYA NO. 2, TENGGILIS MEJOYO, KOTA SURABAYA, JAWA TIMUR"
3393730,"REKAYASA TEKNOLOGI MEDIS INDONESIA, JL. UBI II NO.7"
3859206,"TIRTA PERSADA UTAMA, JL NGAGELREJO KIDUL"
6354242,"TRISULA SOLUSINDO, Jl. Tenggilis Lama Ivb No. 50"
98060900,"WARDHANA, CV, Jl. Simorejo Sari B.Iii/7"
KI35780104,"ASIA, CV"
3038692,"BAMBANG WISANG GENI, JL RAYA KUTISARI INDAH NO. 93"
2849105,"Cahaya Pelangi Indosukses, JL. KYAI TAMBAK DERES 75"
96929650,"CV MITRA MANDIRI, BULAK CUMPAT BARAT I NO 17"
KI35780043,"KETABANG KALI ELECTRONICS INDUSTRIES,, RUNGKUT INDUSTRI IV NO 38-40"
KI35780045,"KONECRANES MATERIAL HANDLING INDONESIA, JL RUNGKUT INDUSTRI I NO 3"
96870831,"MARTHYS ORTHOPAEDIC INDONESIA, PT, Jl. Rungkut Industri Ix/2,"
6198793,"MAXIPRO GROUP INDONESIA, pt, Jl. Lebak Sari No.28 Pergudangan Lebak Sari Kav Aa"
96953047,"NAWATA KURNIA PUTRA, PT, Jl. Raya Kendangsari No. 70,"
94456270,"Panjang Jiwo Pangan Makmur, PT, JL. Panjang Jiwo, No. 48-50, Panjang Jiwo, Surabaya"
3418489,"POLARI LIMUNUSAINTI, JL RUNGKUT INDUSTRI I"
3341044,"PRIMA MEDIKA LABORATORIES, JL.MANYAR KARTIKA VII/10-16, MENUR PUMPUNGAN"
98060810,"PRINTKU DIGITAL PRINTING, JL. RAYA KEPUTIH TEGAL TIMUR NO. 15 RUKO BUMI MARINA EMAS A25/I"
96994543,"PT INDO REKA BUSANA MAKMUR, RAYA TENGGILIS BLOK R 27"
96995672,"PT KARMAND MITRA ANDALAN, JL JEMURSARI II NO 16"
6200659,"RAMA PUTRA, Jl. Rungkut Industri Iv No. 14 Kawasan Industri Sier"
6206906,"RANGKA INDAH, Kyai Tambak Deres 22"
97003715,"SAMA JAYA BOX, CV, JL. LEBAK PERMAI 3/41 ,"
96758710,"SARANA SURYA SAKTI, PT, Jl. Demak Timur 2 & 7 ,"
6201347,"SENTRAL TEKNIK SURYA, Kendangsari Ykp 2 No. 34"
16808772,"SURYA MEDIKAL SERVIS, Jl. Nginden Intan Timur VII/37 (Blok++E3/10)"
3742138,"SURYA SEJATI MULIA, RUKO KLAMPIS JAYA 21 C, JALAN RAYA KLAMPIS JAYA"
2816089,"TERA ARTHA PERDANA, JL. GALAXI KLAMPIS ASRI UTARA X BLOK A-4/31"
96917892,"UD SURYA TERANG, KYAI TAMBAK DERES 16A"
96989404,"VIKTORI PROFINDO AUTOMATION. PT, JL KLAMPIS ANOM 7/2 RT 7 RW 5 60777"
96983940,"VOKSEL ELEKTRONIK PT, Jl. Klampis Jaya No.6C Kav A17, Klampis Ngasem, Kec. Sukolilo, Surabaya, Jawa Timur 60117"
3643250,"ABB SAKTI INDUSTRI, JL MARGOMULYO NO 44"
6703033,"Adidaya Metal Indonesia, PT, Pergudangan Margomulyo Permai, Desa/Kelurahan Sukomanunggal, Kec. Sukomanunggal, Kota Surabaya, Provinsi Jawa Timur"
6200906,"ADROSS INDO SUKSES, Jl. Margomulyo Permai Blok Q-18"
2882148,"ANTABOGA MANUNGGAL KARSA, PT, Jl. Pattimura - Ruko Plaza Segi Delapan Kav. C-810"
97739339,"CAHAYA FURNITURE, JL. SIMO KALANGAN 55"
96968037,"CV CAHAYA FURANINDO, JL.PERMATA MATA TANJUNGSARI BLOK A NO 12-16"
96984065,"DAIMASTER, UD, Jl. Simo Tambaan Ii/66T ,"
3593993,"DUTA ABADIPRIMANTARA, Jln Margomulyo Permai Blok P- 3A, Rt 4 RW 4,kel sukomanunggal Kec Sukomanunggal, Surabaya kode pos 60187"
3301955,"HAY HASIL JAYA, JL. MANUKAN KULON 60 BLOK E-2"
3572353,"ICI PAINTS INDONESIA, JL.PUTAT GEDE TIMUR 7 RT.004 RW.011, PUTAT GEDE"
2861524,"MEKABOX INTERNATIONAL, JL KUPANG BARU"
96953936,"MEUBEL RIZKY, Jl. Raya Tandes Lor No.147, Tanjungsari, Kec. Sukomanunggal, Surabaya, Jawa Timur 60187"
96977623,"NRZ PRIMA GASKET, PT, Jl. Margomulya Indah C-1"
6199701,"ORGANIC HANS JAYA, Jl. Simo Gunung Barat 1 No. 9A"
96937320,"SABE INDONESIA, PT, Pergudangan Suri Mulia Permai Dd-11"
6200172,"SIMOJOYO ENGINEERING, Jl. Simojawar No.110-112"
6206842,"SS UTAMA SHOES DIVISION, PT, Jl. Raya Manukan Kulon No.80"
3992684,"SS. U T A M A, JL TANJUNGSARI 12"
98060893,"SUMBER BUKIT MAS, PT/SUMBER TELAGA BUKIT MAS, Jl. Simo Tambaan 23,"
3471859,"TATA KARYA MULIA, Jl. HR. Muhammad No. 171 Kav. D 5-6"
16808867,"TRI MATRA JAYA, JALAN KENCANASARI TIMUR XI no. 94-95, Desa/Kelurahan Gunung Sari, Kec. Dukuh Pakis"
98060902,"VERIMER, CV, Jl. Simorejo Sari B-Iii/5,"
4582547,"WAHANA PELITA PERSADA, JALAN KUPANG INDAH"
96965384,"CREATIVE VENEER PRATAMA, TANJUNG SARI 40 E"
98060835,"NAGAMAS PLASTIK, UD, JL. SIMOPOMAHAN 43 P,"
2924546,"REMAJA PRATAMA ENGINEERING, JL.TANJUNGSARI NO. NO 17, TANJUNGSARI"
96983646,"UNISON INDONESIA INDUSTRIAL, PT, JL. MARGOMULYO INDAH 1-D3, Balongsari, Tandes, Kota Surabaya, Jawa Timur"
KI35780008,"ARISU GRAPIC PRIMA , PT, JL.RUNGKUT INDUSTRI VIII NO.18-20"
KI35780116,"CIPTA AGUNG, PT"
KI35780018,"CLASSIC AUTOMOTIVE MANUFACTURING, PT, JL. RUNGKUT INDUSTRI II NO.41"
KI35780119,DSI UNDERGROUND
KI35780026,"ESKOL SURYA ANUGERAH, PT, JL. RUNGKUT INDUSTRI VIII NO.26-28"
KI35780032,"HASIL ABADI PERDANA, RUNGKUT INDUSTRI 3 NO 8"
KI35780134,"HERRY & CO, CV"
KI35780041,"KARYA BAKTI METALASRI, PT, JL.RUNGKUT INDUSTRI III NO.28A-30"
KI35780044,"KIAN MULYA MANUNGGAL, PT, JALAN RUNGKUT INDUSTRI I/16"
KI35780053,"LADANG SEHAT INDONESIA, JL. RUNGKUT INDUSTRI III NO.30A"
KI35780060,"NAGA SAKTI MAKMUR, PT, JL. RUNGKUT INDUSTRI II NO. 49"
KI35780067,"PRESHION ENGINERING PLASTIC, PT, JL. RUNGKUT INDUSTRI VIII/4"
KI35780072,"ROMOS INTI COSMETIC, PT, JL.RUNGKUT INDUSTRI III NO.5"
KI35780078,"SEVEN SEAS MARINE PRODUCT, PT, JL. RUNGKUT INDUSTRI VIII NO.8"
KI35780086,"SUMBER UNTUNG LANCAR, UD, JL. RUNGKUT INDUSTRI VIII/25"
KI35780092,"UNITED TRACTORS, JL.RUNGKUT INDUSTRI III NO.6"
KI35780063,"NS BLUESCOPE LYSAGHT INDONESIA, KAWASAN INDUSTRI SURABAYA INDUSTRIAL ESTATE RUNGKUT (SIER), JL.RUNGKUT INDUSTRI IV NO.24"
6207247,"AGKIANTA SUKSES BERSAMA, Kedung Cowek 304 (H.M Noer 300-A)"
97003593,"ANUGERAH JAYA CV, KEDINDING TENGAH JAYA 3 NO.10"
96954870,"APIE INDO KARUNIA, PT, Jl. Kalilom Lor Baru I/16 ,"
6196485,"BANGUN CITRA IRAWAN, Jl. Kedinding Tengah Ii No. 16"
96965233,"ENOS BINTANG SELAMAT, PT, Jl. Kyai Tambak Deres No.75 Surabaya"
6200668,"GRAFIK KREATIV, Jl. Kedung Cowek 207"
16807899,"GRHADIKA GLOBAL INDONESIA, Kedindinding Tengah Jaya II TImur A No 39"
98060895,"GUNUNG EMAS MAINAN ANAK, PT, Jl. Kalilom Baru 2 No. 25-27"
6199698,"INDO PERKASA ABADI, Jl. Kedinding Lor 33"
4536689,"INDUSTRY TAPE NUSANTARA, JL KEDUNG COWEK"
97738641,"LAS <SUNARDI>, JL BOGORAMI GG 1 NO 1"
16758621,"Mentari Maju Mandiri, Komplek Pergudangan Fira 51 Jl. Nambangan 173-K Bok A-15 Surabaya"
96977336,"NASIONAL, UD / PT NASIONAL FARINDO JAYA, Jl. Kh Tambak Deres No. 291 ,"
97737797,"PABRIK KURSI <AMONG>, JL RAYA POGOT NO 72"
6206971,"PERMATA MANDIRI UTAMA, Kedung Cowek 356"
97003592,"PRIMA JAYA CV, KEDINDING TENGAH JAYA 2 NO 60"
97002738,"SIDOYOSO, Jl. Kedung Cowek No.205"
98060803,"SUMBER LANCAR, UD, Jl. Kedinding Indah 10"
96943487,"SUPER CAHAYA RAYA, PT, Jl. Kyai Tambak Deres 96"
97002739,"SUPER INDAH LANGGENG, PT, Kedung Cowek 211"
96971051,"TRI KARYA, UD, Jl. Kedung Manggu Selatan 11"
98060885,"TRIBUANA, UD, Jl. Kedinding Tengah Jaya 3/9"
16742154,"UNTUNGKUMORO, JL SIDOTOPO WETAN NO. 1A"
2989938,"VICTORIA ASIA JAYA MULIA, KEDUNG COWEK NO.161, KEDUNG COWEK"
6207337,"AGUNG SUKSES ABADI, Jl. Romokalisari Industri 2/8"
6207436,"ANEKA TEKNIK, MARGOMULYO PERMAI I BLOK AF 37"
6207400,"BERUANG BAJA INDONESIA, PT, PERGUDANGAN BUMI MASPION JL. ROMOKALISARI BLOK B NO. 21"
6198505,"BUANA PUTRA PLAST, PT, PERGUDANGAN BUMI MASPION JL. ROMOKALISARI BLOK 8 NO. D3-35"
96901595,"CITRA JAYA, CV, Jl. Margomulyo No.44/D-13,"
96747243,"GUDANG CIPTA WARNA JAYA CV, MARGOMULYO PERMAI BLOK N-24"
6207704,"INDO PRIMA GEMILANG, PT, Jl. Margomulyo Komp. Gardu Induk, Pln Margomulyo No.5"
96853527,"ISHIZUKA MASPION INDONESIA, PT, Kawasan Industri Pt Altap Prima Industrial Estate"
7480927,"Logam Jinba Wang, Jl. Margomulyo Indah Blok 1-A, Desa/Kelurahan Manukan Wetan, Kec. Tandes, Kota Surabaya, Provinsi Jawa Timur, Kode Pos: 60184"
96846018,"MASPION IV DEVISI PVC, KAWASAN MASPION UNIT 4, JL. ROMOKALISARI TELUK LAMONG NO.15"
6198471,"MASTER ARTHA KHARISMA, Jl. Raya Pakal No.01 Surabaya"
96844287,"METROKOM JAYA, PT, Jl. Maspion Romokalisari Ix/7 Benowo"
7475946,"PATRA TRADING, Komplek Bumi Maspion Blok VIII 15 D dan 16 D"
96982700,"PENTA OCEAN, PT, Margomulyo Indah 17 B Kav A2-7"
6207261,"PRO BAJA INDONESIA, Jl. Raya Romokalisari 43-A"
7480836,"SAPTA BAHARI PERKASA, Mutiara Margomulyo Indah Blok C. 20"
6197995,"SARARASA BIOMASS, Jl. Margomulyo Iii, No. 14-G"
16808601,"SEMERU MULYA IMANI, Jalan Raya Bumi Maspion III Nomor 5 Kawasan Industri dan Pergudangan Bumi Maspion"
2838401,"SUKSES INDAH METALINDO, Margomulyo 44, Komp. Pergudangan Surimulya Blok ii No. 14 - 15"
16808724,"SUMBER NUSANTARA ADITYA PRATAMA, Jl. Margomulyo Indahl Blok H-11"
96977859,"TOSHIN PRIMA FINE BLANKING, PT, Jl. Margomulyo Indah C1"
6207556,"TRIAS PRIMA SENTOSA, PT, PUSAT PERGUDANGAN ROMOKALISARI, JL.ROMOKALISARI NO.80 BLOK C38"
3387523,"TUNAS HARAPAN ENGINEERING & TECHNICAL SUPPLY, JL. BUBUTAN"
6200923,"TUNAS JAYA SANTOSA, PT, PERGUDANGAN BUMI MASPION JL. ROMOKALISARI 1/3-5(B-2/3)"
6200036,"UZINDO, PT, Jl. Raya Bumi Maspion Ii No. 14 Kawasan Maspion Romokalisari"
3745871,"WANG HENG MIN INDONESIA, JL. MARGOMULYO MUTIARA INDAH BLOK B NO 31"
7480137,"YANGHI KARYA PRATAMA, Jl. Margomulyo Indah I Blok - 20"
98060786,"SURYA RAYA NUSATAMA, PT, JL. MARGOMULYO PERMAI NO. 1,"
3356621,"ADILUHUNG SARANASEGARAINDONESIA, JL PERAK TIMUR"
3856377,"ARUM SAMUDERA, JL. TELUK KUMAI BARAT NO.124-A, PERAK UTARA"
97004052,"CNH, CV, Jl. Lebak Timur G/22, Vii / 22"
6207503,"KERAVINDO SURYATAMA, Jl. Kalimas Barat 57-A"
3029117,"KREASI RAGAM JAYA, KOMPLEK RUKO PENGAMPON SQUARE"
97004616,"NIKI MAPAN, PT, Jl. Kenjeran 485,"
96998108,"PERIKANAN NUSANTARA, PT / SAMUDRA BESA, Jl. Nilam Barat No. 16"
96987105,"PT DIAN TRIJAYA UTAMA <PRODUKSI PAPER BAG>, KALIMAS UDIK 1 NO 34"
96719159,"PT TEJO SEKAWAN, Rajawali 86"
97000195,"ROLLINDO PRATAMA PT, JALAN DUMAR INDUSTRI F 17"
6206699,"SERI GUNTING, UD, Jl. Gili V No.10"
97003936,"SETIA BHAKTI, CV / TIGA BHAKTI, CV, Jl. Kenjeran 282-A ,"
96998054,"TAMBANG RAYA PERMAI, PT, Jl. Nilam Barat 14, Surabaya"
4097247,"TRI DAYA PUSAKA, JL.PERAK TIMUR 512 BLOK F-4 , PERAK UTARA"
98060850,"VARIA, CV / PABRIK CARVENIS THINNER, JL. KENJERAN 328"
96879693,"BAHAN KIMIA <SUTIKNYO>, JL KETINTANG BARU 8 NO 15"
16758399,"Cv Surabaya Jersey, Jl. Bratang Gede 3-H No. 8"
KI35780022,"DEMPO LASER METALINDO, PT, KAWASAN INDUSTRI RUNGKUT, JL RUNGKUT INDUSTRI I NO.29"
KI35780023,"DIMAS REIZA PERWIRA, PT, RUNGKUT INDUSTRI III NO 34"
4429523,"ESPETECH SURYA PERKASA, JL TAMAN KETINTANG WIYATA"
6199408,"EXPLOITASI PERINDUSTRIAN GAWEREDJO, Jl. Raya Mastrip Bogangin 6"
4246621,"GARIS HARMONI, Jl. Jemursari Selatan Iv No. 20"
3321612,"HALUS SAJA, JL GAYUNGAN PPN"
96824333,"HEXA THERMOGRAPHINDO, Jln Patimura, Plaza Ruko Segi 8 Blok A 801"
94418316,"KARUNIA ALAM SEGAR. PT, Mastrip Kemlaten Baru No. 28"
4130889,"KENCANA AGUNG SUKSES, JL. GAYUNG KEBONSARI VIII"
4007747,"KPRI BINA KARYA MANDIRI, Jl. Dukuh Menanggal Iii No. 29,"
96845460,"LINTECH DUTA PRATAMA, PT, KAWASAN INDUSTRI WIRAJATIM RAYAMASTRIP 70 SURABAYA"
KI35780147,"MIKATASA AGUNG, PT"
3747220,"NUSANTARA OLINDO PERKASA, GAYUNGSARI"
KI35780065,"OBOR KENCANA KREASI GEMILANG, PT, JALAN RUNGKUT INDUSTRI II/43"
6703116,"PERUM PERCETAKAN NEGARA RI, PT, Jl. Ahmad Yani No. 34 Surabaya"
16758755,"Setia Dirgantara Sentosa, Jalan Kedung Anyar IX No 19"
3020571,"SHADANI INSAN MULIA ABADI, GEDUNG GRAHA PENA LANTAI 9 R. 901 JALAN A. YANI"
96989445,"SUPRA VISUAL MANDIRI, PT, Jl. Mastrip Kedurus 33"
3934941,"VISTA MITRA, Jl. Raya Mastrip Kebraon 126"
98060778,"WARU GUNUNG, PT, RAYA MASTRIP 858 , JL"
6351937,"WIDYA CIPTA TEHNIK, RUKO LOTUS REGENCY D.21 JL. KETINTANG BARU SELATAN 1/30 Gayungan"
6207619,"YONA LESTARI, PT, Jl. Gayung Sari Barat X / 39-37 Surabaya"
98060862,"BARINDO ANGGUN INDUSTRI, PT, Jl. Simopomahan 148-150 P ,"
4494109,"BUMI LANCAR ABADI, ROYAL PARK 1 BLOK"
6199306,"CIPTA OGGI FURINDO, Jl. Menganti Jeruk No. 18"
96739250,"CV KARTU ABADI JAYA, JL. Raya Pradah Indah, 39, Suarabaya, 60226, Pradahkalikendal, Dukuhpakis, Surabaya, East Java 60187"
96894744,"EXEDY PRIMA INDONESIA, PT, Jl. Gardu Induk Pln Margomulyo No.5"
96893823,"INDOYOKE, PT, Jl. Gardu Induk Pln 3"
96816290,"KENCANA FAJAR JAYA, PT, Jl. Petemon Barat 123, Surabaya"
4448820,"KUSUMA MUKTI WIJAYA, G-WALK SHOP HOUSE W1-29"
98060809,"PETEMON GRAFIKA, JL. PETEMON KALI NO.43 ,"
2537753,"RAGAM MULYA ABADI, UD, Jl. Raya Menganti Jeruk 296 A,"
16818088,"Sinar Bintang Mulia, PT, Jl. Tanjung Sari no 73-74"
96982472,"SUBAINDO CAHAYA POLINTROCO, PT, Jl. Margomulyo Gg Sentong No. 3D,"
2831133,"SUPER LAMINDO, Jl. Tanjungsari 44/B-11"
16808754,"SURABAYA SORE, Jl. Simomulyo II No.1"
96739609,"TRI ANUGERAH SENTOSA, Jl. Raya Lidah Kulon 30 ,"
96992554,"ULTRA WAHYU ELECTRONIC / WAHYU, UD, Jl. Petemon V /55 ,"
98060867,"UTUH JAYA, Jl. Simo Katrungan Kidul No.31, Banyu Urip, Kec. Sawahan, Surabaya, Jawa Timur 60254"
96965412,"WANGTA AGUNG, Jl Tanjungsari No.24"
96937070,"TARUNA JAYA, CV, Jl. Arjuno No.112 A, Sawahan, Kec. Sawahan, Surabaya, Jawa Timur 60251"
3229653,"ASIAPAC MULTI SOLUSI, RAYA LONTAR"
2514645,"CHRISTINA JAYA MOTOR, PT, Jl. Made Utara No. 29 Sambikerep"
6206821,"CRYSTAL ACTIVEWEAR, Sambisari Iiia No.5"
96999006,"CV KHARISMAJAYA, BANYU URIP WETAN 1E NO 15"
4133246,"CV. JESSELYNE, Jl. Dukuh Kupang Timur XV No.30, RT.003/RW.09, Pakis, Kec. Sawahan, Surabaya, Jawa Timur 60256"
96956477,"DUNIA PT <ROTI>, KUPANG PANJAAN 2 NO 69"
6198069,"EUROPACK, Jl. Darmo Br 1 No. 36"
98058415,"GRAHA CENDANA ABADI MITRA, PT, Jl. Manukan Kulon 51"
96990826,"HANNA BEDING, JL. KENCANA SARI TIMUR IIE-13"
98060781,"HAPPY, UD, Jl. Petemon Iv/169"
96993950,"HIDUP BARU ABADI, PT/MERPATI, UD, Jl. Petemon Iii/191 A"
98060894,"INDO COCK, Jl. Kupang Krajan Gg Tengah 14 ,"
4046719,"INDUSTRIAL ROBOTIC AUTOMATION, Jl. Raya Bringin No.32"
98060819,"KUDA RAYA, Jl. Simo Kwagean Kuburan 5 ,"
6206741,"Manna Indo Lakta, CV, Jl. Kuwukan No.57"
16808274,"MIRADO ABADI, JL.BANYU URIP 312"
96990115,"PT KHARISMA, JL DUKUH KUPANG UTARA GX NO 01"
6200827,"RODA JAYA MAKMUR, Jl. Simo Tambaan Ii No. 64"
96680119,"SHABAT LINGKUNGAN HIDUP, PT, Jl. Embong Malang 80, Surabaya"
96984880,"SIMMA, CV, Jl. Simo Tambaan Sekolahan 27"
96987045,"SIMO PANDU ARTISTIK, PT, Jl. Simo Jawar 3-5"
4033278,"TIGA TIGA TEHNIK, Jalan Citraland NorthWest Park NB7 No. 5"
96998135,"GRADIAL PERDANA PERKASA, PT, Jl. Simo Tambaan Ii/72A"
98060760,"GUNUNG SARI MAKMUR, PT, Jl. Jarsongo Kali 23"
96939724,"PT GUNUNGSARI MAKMUR, JL. Jarsongo Kali, No. 23-27, Kedurus, Kedurus, Kec. Karangpilang, Surabaya, Jawa Timur 60223"
96781982,"ADIGUNA LABEL INDONESIA, PT, PERGUDANGAN OSOWILANGON PERMAI, JL. RAYA OSOWILANGON NO.61 BLOK D-15"
3278076,"Akses Mitra Prima, JL. BUMI MASPION UTARA I NO 45"
3842457,"Alexander Perkasa, JL.KALIANAK BARAT 70 B"
6200785,"CENTRAL ARTE SUKSES, PT, Jl. Romokalisari Industri Iii No.24"
97000937,"CIWI PAINT PT, JL Dumar Industri, No. Bl B/12, Genting Kalianak, Kec. Asem Rowo, Surabaya, Jawa Timur 60182, Indonesia"
96863959,"CV MAJU MAKMUR <HENDRI>, JALAN TAMBAK OSOWILANGUN NO 107 A SURABAYA"
6198127,"DAIKEN DHARMA INDONESIA, PT, Jl. Kalianak No. 55 L,"
96909971,"GLOBAL CHEMINDO, Jl. Margomulyo Permai Blok R12,14,14A"
6200200,"INDOROPE FIBERTAMA PERKASA PT, Jl. Kalianak 55 Sl"
6199010,"MITRA UTAMA PLASTINDO, PT, Jl. Tambak Osowilangun No. 236"
96926114,"NUSA SASTRATARA UTAMA, PT, Jl. Kalianak Barat 55-P,"
96843878,"PT VERONA MULTI KIMIA ABADI, Jl. Bumi Maspion II No.6a, Segoromadu, Romokalisari, Kec. Benowo, Surabaya, Jawa Timur 60192"
6206907,"ROYAL TIMBER, Jl. Romokalisari Industri Raya Ii/6"
97000439,"SEPANJANG BAUT SEJAHTERA, PT / ABHIJANA JAYA BRAJA SEJAHTERA, PT, Jl. Dumar Industri 10"
6207125,"SUMBER BERKAT, Jl. Tambak Langon No. 27 Blok A-11, Surabaya"
6207126,"TANYO DWIJAYA PERKASA, Jl. Greges Jaya Ii / B-5"
96900309,"TEKNIK TADAKARA SUMBERKARYA, PT, Jl. Margomulyo 44 Blok G-12A ,"
96807035,"Tjahaja Agung Tunggal, JL. MARGOMULYO NO. 30"
6198234,"TRISAKTI JAYA PERKASA, Margomulyo Permai Kav.10 No.32D"
4593373,"TUNAS HARAPAN ENGINEERING & TECHNICAL SUPPLY, JL DUMAR INDUSTRI BLOK F 2 RT.007 RW.006, ASEMROWO"
3523356,"AGRO TANI SEJAHTERA, JL KALIANAK BARAT 55 -U"
96968675,"ASMON KARYA UTAMA, PT, JL. TANJUNG SARI NO. 33 SURABAYA,"
6199223,"BANGUN GRAHA PUTRA JAYA, Jl. Kalianak 75 Blok B9"
96926517,"BHIRAWA STEEL, PT, JL. MARGAMULYA 8"
16807704,"BUMI CENTRAL HARAPAN, JL MARGOMULYO III 14-B"
96980038,"BUMI MENARA INTERNUSA, PT, JL. MARGOMULYO NO. 4 E"
98058514,"CARVIN ARTA MAS, PT, Jl. Margomulyo Indah B-3,"
6199030,"DHARMAWANGSA MULTI PACK, Jl. Margomulyo Indsutri Vii/2B (Blok G.10-B)"
16807799,"DUTA INDAH ABADI, JL. KALIANAK BARAT NO. 59 A"
96751234,"GEMA LESTARI INDONESIA, PT, ROMOKALISARI TPI NO. 28 FGH"
96945854,"GUNAWAN DIANJAYA STEEL, PT, MARGOMULYO 29 A TAMBAK SARIOSO, JL"
7479593,"HAPPY MOMO INDONESIA, Jl Pergudangan Margomulyo Permai Blok DD 3, Greges, Asemrowo Surabaya"
3171125,"HOKINDA CITRALESTARI, PT, Jl. Kalianak Barat 55 No. A1"
96983799,"INDOMULTI JAYA STEEL, PT, Jl. Tambak Langon Indah 32,"
96977426,"INDOWIRE PRIMA INDUSTRINDO, PT, Jl. Margomulyo Indah C-1"
96931478,"JAPFA COMFEED INDONESIA TBK, PT, JL. MARGOMULYO NO 36- 38"
96948139,"KERTOPATEN KENCANA, Jalan Kalianak 55"
6473023,"LANGGENG HITA BERSAMA, Jl. Greges Jaya Ii No. C9"
97000945,"PANGGUNG, CV, MARGOMULYO 44 DD 17 -19,"
96983999,"PERJUANGAN STEEL, CV, MARGOMULYO INDAH D-15, JL"
98060876,"RAJASA PUTRA JAYA PERKASA, PT, Jl. Romokalisari 82-H-K,"
96965546,"SALAM PACIFIC INDONESIA LINES, Jl. Kalianak No. 51F"
96982192,"SINAR BAJA ELECTRIC, CV, MARGOMULYO NO.5 , JLKULON 86"
96962144,"SUSANTI MEGAH, PT, DUPAK RUKUN 71-73, JL"
96961840,"WISMA JAYA CV, Jl. Kalianak Barat 76"
KI35780001,"AKTIF INDONESIA INDAH, PT, RUNGKUT INDUSTRI III NO.64"
KI35780002,"AKZO NOBEL RAUNG RESINS, PT / ALLNEX RESIN INDONESIA, PT, JL. RUNGKUT INDUSTRI II NO. 47"
KI35780098,"AKZO NOBEL WOOD FINISHES AND ADHESIVES, PT, JL. RUNGKUT INDUSTRI III NO.69"
KI35780099,ALAM RAYA MEGATAMA
KI35780004,"ALBÉA RIGID PACKAGING SURABAYA, JL RUNGKUT INDUSTRI IV NO 23"
KI35780007,"ANTAR SURYA JAYA, PT, JL. RUNGKUT INDUSTRI III/68 & 70"
KI35780108,BINA PERTIWI
KI35780013,"BINTANG INDO JAYA, PT, JL. RUNGKUT INDUSTRI 3, NO.34B"
KI35780017,"CHENTA TRANSMISSION INDONESIA, JL.RUNGKUT INDUSTRI III NO.55"
KI35780027,"FISHNESIA MITRA BERSAMA, PT, RUNGKUT INDUSTRI III NO 75"
KI35780029,"HARDCORINDO SEMESTA JAYA, KAWASAN INDUSTRIAL RUNGKUT JL RUNGKUT INDUSTRI III NO 34-A, KEL. KUTISARI KEC. TENGGILIS MEJOYO"
KI35780038,"INTI DUTA LESTARI, PT, JL.RUNGKUT INDUSTRI BLOK 3 NO.29"
96846099,"KARET NGAGEL JAYA, PT, Jl. Mastrip No.70 Kawasan Industri Wira Jatim"
KI35780146,MANYAR KARTIKA JAYA
6199390,"MEDITRONIK HOSPILAB INDONESIA, PT, Jl. Raya Menganti No. 14,"
96850327,"Merak Jaya Beton, PT, RAYA MASTRIP KARANGPILANG NO. 70 ( PERGUDANGAN PT. WIRA JATIM ), Desa/Kelurahan Karang Pilang, Kec. Karang Pilang, Kota Surabaya, Provinsi Jawa Timur"
96836947,"NGAGEL TAMA KAROSERI, CV, Jl. Bung Tomo No.11"
KI35780064,"NUSA ENGINEERING, JL.RUNGKUT INDUSTRI IV NO.24, KELURAHAN KUTISARI, KECAMATAN TENGGILIS MEJOYO, SURABAYA, JAWA TIMUR"
KI35780157,"PACIFIC EQUINOX, PT"
96967222,"PT PELANGI INDO KARYA, MEDOKAN SEMAMPIR INDAH NO 129"
KI35780071,"PT. SURABAYA INDUSTRIAL ESTATE RUNGKUT (#3), SIER"
KI35780162,RATNA BARU PLASTIK
3873213,"SANDEQ MARINE INDONESIA, PQFV+3GH Gedung Inkubator Bisnis, Jl. Teknik Kimia, Keputih, Kec. Sukolilo, Surabaya, Jawa Timur 60117"
2985475,"Sepanjang Agung Industri, PT, JL.MASTRIP NO. 400 (LAMA JL. RAYA KEBRAON NO. 224)"
96961241,"SIANTAR MAJU PT, Jl. Mastrip No.822 A Warugunung"
KI35780080,"SINAR ALASKA MULIA PERKASA, PT, JL.RUNGKUT INDUSTRI 2/51"
KI35780090,"TRANS GOLD, CV, JALAN RUNGKUT INDUSTRI II NO. 29"
KI35780169,"UNIPACK PLASINDO, PT"
3233282,"ABADIKURNIA CITRARASA, Jl. Kertajaya 63, Kertajaya, Gubeng, Kota Surabaya, Jawa Timur, 60286"
96764039,"BANGUN, UD, JL. MASTRIP KEBRAON 421"
96690450,"BISMA , UD, BULU PINGGIR 2 NO 73"
96864107,"CV. ANUGERAH PLASTIK, JL. BALAS KLUMPRIK NO.37, BALAS KLUMPRIK, KEC. WIYUNG, SURABAYA, JAWA TIMUR 60222"
3629937,"3M INDONESIA, GEDUNG PLAZA BRI SUITE 504 JL BASUKI RACHMAT"
96951768,"DANNIS COLECTION, UD, JL. PAKIS TIRTOSARI VII/2"
2564182,"EMKA PUTRA PRATAMA, GEDUNG RAMAYANA THR MALL JL KUSUMA BANGSA"
3852502,"GLOBAL PORT ENGINEERING INDONESIA, JAPFA TOWER 2 LANTAI 12, JL. PANGLIMA SUDIRMAN KAV 66-68"
96982461,"JASA REPARASI <LUCKY>, JL GEMBONG TEBASAN 17-19"
98060761,"KHARISMA SENTRA MANDIRI, PT, Jl. Dk Kupang Utara Gxi No.3"
96731487,"KONVEKSI <RAHARJO>, KALISARI SAYANGAN 1"
3178461,"MAYEKAWA INDONESIA, GEDUNG BUMI MANDIRI TOWER I LT.5 R.502B JL BASUKI RAHMAT"
98060806,"MENARA , UD, JL. MANYAR SAMBONGAN 55"
3704880,"MERCUGRAHA GEMPOLPERMAI, Komplek Ruko Ambengan Plaza, Jl. Ngemplak No.30 B31, Ketabang, Genteng, Surabaya, East Java 60272"
3796947,"MULTI LANCAR ABADI, JL PEMUDA"
98060813,"NIRWANA RECORD, Jl. Pucang Adi No.109, Kertajaya, Kec. Gubeng, Surabaya, Jawa Timur 60282"
4145348,"NUSANTARA DOCKYARD ENGINEERING, JALAN NGAGEL TIMUR 4"
3258744,"OSLE INDONESIA, Jl. Dharmahusada 78-E"
98060811,"PERCETAKAN SEKARJOYO, JL. PUCANG WINDU NO. 1, SURABAYA"
4136699,"POWER SYSTEMS SERVICE INDONESIA, Graha Bumi Surabaya Lt 3. Jl Basuki Rakhmat No 124-128 Surabaya 60271"
96967905,"PT LIMAS ANUGRAH STEEL, No. 44 Blok A28, Komplek Pergudangan Permata Tanjungsari, Jl. Tj. Sari, Asem Rowo, Kec. Asem Rowo, Surabaya, Jawa Timur 60281"
96679586,"PT TUNAS JAYA <HANDOKO>, Jl. Simo Hilir Barat XIII No.13, Simomulyo, Kec. Sukomanunggal, Surabaya, Jawa Timur 60187"
97732520,"PUBLIK ADVERTISING, EMBONG MALANG NO 34"
3479363,"RANDHOETATAH CEMERLANG, JL TAMAN SIMPANG"
4228858,"REVKA PETRA MEDIA, JL PUCANG ANOM TIMUR"
6354164,"Samudra Cahya Cemerlang, Jl. Mojo Klanggru Kidul No. 146"
6487884,"TIGA POINTS JAYA KARYA, Jojoran I Blok N/23 Kel Mojo Kec Gubeng Surabaya"
3256194,"YKK AP INDONESIA, GEDUNG BUMI MANDIRI TOWER I LT.6 NOMOR 606-607 JL BASUKI RACHMAD"
96956690,"JAYABAYA RAYA, PT, JL. PAGESANGAN 12"
3581246,"MULTI ANEKA PANGAN NUSANTARA, PT, JL. KALISARI I NO.8A, KAPASARI, KEC. GENTENG, SURABAYA, JAWA TIMUR 60273"
96775155,"ANTAKESUMA INTI RAHARJA, PT, Margomulyo Permai Blok Cc-11"
96983231,"ANTIKA RAYA, PT, Jl. Margomulyo Indah I/3"
97740190,"BADJATECHMAS MESINDOPRATAMA, Jl. Dupak No. 79"
6199231,"CENTRAL DIESEL, PT, JL. PENGHELA NO. 14A"
98060899,"DB SABLON, PT, Dupak Baru Ii/11, Surabaya"
3484827,"DEHO CANNING COMPANY, Jl. Kawatan IV No.3, RW.06, Alun-alun Contong, Kec. Bubutan, Surabaya, Jawa Timur 60174"
3083190,"FIVE RAMS WIJAYA BICYCLEINDUSTRIES, KOMPLEK SINAR GALAXY B-66"
96939917,"KEMBANG BULAN, PT, Jl. Demak 275 ,"
16808138,"KRIS JAYA ADYMIX SURABAYA, JL. DUPAK RUKUN NO. 83"
6199171,"KURNIA LAJU ABADI, MARGOMULYO 44 KAV H-19"
96985632,"MUDA LANCAR, JL. TULUNGAGUNG III/17-19, SURABAYA"
3208078,"MULTIMEGAH INDAHJAYA, JL DUPAK XVII BLOK C NO 10 RT. 004 RW. 005 , GUNDIH"
96982399,"PLASTIK JAYA, Jl. Raden Saleh 61-63"
98060747,"PURNOMO, Jl. Demak Timur Xii No. 152 B"
3362656,"TESCO INDOMARITIM, JL SABANG"
3592408,"TRIGRAHA SEALISINDO, JL RADEN SALEH"
16808920,"VISINIAGA MITRA KREASINDO, Jalan Semut Baru"
KI35780003,"ALAM JAYA, PT, RUNGKUT INDUSTRI II, NO. 25"
KI35780011,"AYU SEJATI, PT, JL. RUNGKUT INDUSTRI I NO.2"
KI35780019,"CLASSIC PRIMA CARPET INDUSTRIES, PT, JALAN RUNGKUT INDUSTRI 2 NOMOR 39"
KI35780020,"CONDUCTOR JASA SURYA PERSADA, PT, JL.RUNGKUT INDUSTRI IV/18"
KI35780034,"HM SAMPOERNA, PT, JL. RUNGKUT INDUSTRI RAYA NO.18"
KI35780035,"INDO TEHNIK, JL RUNGKUT IX 46"
KI35780050,"KOSMETIKA GLOBAL INDONESIA, PT, JALAN RUNGKUT INDUSTRI III NO.09"
KI35780052,"KRISANTHIUM OFFSET PRINTING, PT, JL. RUNGKUT INDUSTRI III NO. 19"
96976782,"LABAN RAYA CAKRAWALA, PT, Mastrip No. 9 Gang Rumah Susun Km 4 Waru Gunung Surabaya"
KI35780055,"LAUTAN SAKTI JAYA, RUNGKUT INDUSTRI X/1"
KI35780143,"LENTERA WAHANA INDONESIA, PT, RUNGKUT INDUSTRI III NO.42"
KI35780057,"MAHESI AGRI KARYA, JL.RUNGKUT INDUSTRI IV NO.21"
96942667,"MUTIARA CAHAYA PLASTINDO, PT, Jl. Mastrip No.33"
KI35780159,PHILIP MORRIS SAMPOERNA INTERNATIONAL SERVICE CENTER
98060802,"SAN PRINTING, Jl. Sidosermo Pdk Iii No.23,"
KI35780076,"SARANA INDAH JAYA, JL. RUNGKUT INDUSTRI X/14"
96920987,"SARI MAS PERMAI, PT, WARUGUNUNG 23 , JL"
KI35780077,"SC JOHNSON MANUFACTURING SURABAYA, JL.RUNGKUT INDUSTRI I NO.24-26, KALIRUNGKUT, RUNGKUT"
KI35780079,"SIEGWERK INDONESIA, PT, KAWASAN SIER, JL. RUNGKUT INDUSTRI III/26A"
KI35780081,"SINAR ANGKASA RUNGKUT, PT, JALAN RUNGKUT INDUSTRI I NO.8"
KI35780083,"SMART CORPORATION, PT, JL.RUNGKUT INDUSTRI RAYA NO.19"
KI35780084,"SOLIHIN JAYA INDUSTRY LTD, PT, JL.RUNGKUT INDUSTRI IV NO.19"
KI35780085,"STEEL PIPE INDUSTRY OF INDONESIA, JL. RUNGKUT INDUSTRI I /28-32"
6703019,"SUMBER ENERGI SUKSES, CV, JL. SIDOSERMO II NO. 62"
KI35780087,"SURYA DERMATO MEDICA LAB, PT, JL.RUNGKUT INDUSTRI III NO.31"
KI35780088,"SURYA MULTI INDOPACK, PT, RUNGKUT INDUSTRI XIV NOMOR 4"
96701090,"UBITRAL OFFSET PRINTING, PT, Jl. Ubi Vi / 11 Rt.004 Rw.005,"
201150,"ULTRA PRIMA ABADI, PT, PANJANG JIWO 48-50 , JL, SURABAYA"
KI35780091,"UNILEVER INDONESIA, PT, JL.RUNGKUT INDUSTRI IV/5-11"
KI35780093,"UTOMO DECK METAL WORKS, PT, JL. RUNGKUT INDUSTRI III / 21, KOTA SURABAYA, PROVINSI JAWA TIMUR, 60291"
16808910,"UTOMO JURAGAN ATAP SURYA INDONESIA, Jalan Rungkut Industri III No.21"
KI35780094,"WILSON INDOTOBACCO, JL. RUNGKUT INDUSTRI IV NO.16"
94725574,"WING'S SURYA, PT, JL. MENANGGAL II /1 C"
96933141,"WINGS SURYA, PT, Gedung Ekonomi, Jl. Embong Malang No.61-65 lt.7, Kedungdoro, Tegalsari, Surabaya, East Java 60261"
KI35780172,"WIRA NIAGA, CV"
6206939,"CAHAYA CEMERLANG, JL. KUTISARI UTARA III NO. 13"
KI35780138,"JAKARTA RAYA GOLDEN INDUSTRI, PT"
96838278,"KARMAND MITRA ANDALAN, PT, Jl. Rungkut Industri 12 No.2"
KI35780059,"MITRAPAK ERA MANDIRI, PT, JL. RUNGKUT INDUSTRI IV/17"
6198441,"ADI SETIA UTAMA JAYA, Jl. Kalimas Timur No. 146 & 150"
4173227,"AFRAK AGUNGABADI, JL.IKAN DUYUNG NO.9, PERAK BARAT"
96998168,"AKR CORPORINDO, Jl. Nilam Utara"
96818196,"ARTODA BERSAUDARA, PT, Jl. Kemayoran Baru No. 19,"
4543960,"CAKRA LINTAS INDONESIA, JL KREMBANGAN JAYA SELATAN"
96957729,"HEPTASARI UNGGUL, PT, Jl. Demak No. 289 ,"
96945583,"NAGA MAS MAKMUR MANDIRI , PT, Jl. Kunir No. 19 ,"
6201370,"NASTEC GERMERZINDO, JL. KEMAYORAN BARU 31A-33II"
98060823,"NS KOMANG SELENDEG SUSANTO, CV, Jl. Sulung Kali 27, Surabaya"
3777980,"SINAR KHARISMA TIMUR RAYA, Teluk Tomini 21"
4548740,"SUMBER BARU WAHANA SEJAHTERA, JL.DEMAK 405, MOROKREMBANGAN"
96964815,"SURYA SARITAMA, PT, Jl. Margomulyo Kav 11-15 ,"
6198370,"TARISHA GLOBAL ESTETIKA, Jl. Kedinding Tengah Jaya I No.82 Surabaya"
16808824,"TEMPO UTAMA SEJAHTERA, Jalan Gresik 1,3, 5, Kel. Kemayoran, Kec. Krembangan, Kota Surabaya, Provinsi Jawa Timur"
16808848,"TJANDI DJAJA MULTITECH, JALAN GRESIK NOMOR 18"
4124777,"ALIMINDUS CHEMICALS, JL. Simo Gunung barat I, No. 46, 60181, Simomulyo, Kec. Sukomanunggal, Surabaya, Jawa Timur 60281"
3365139,"DESTINI MARINE SAFETY, JL. MARGOMULYO 46 BLOK B-66"
16807828,"ENERGI MALANG ANDALAN SUKSES, Margomulyo 44 gudang Surimulya Blok L No. 6C Rt 003 Rw 001"
16807932,"HARMA CONTRACTOR INDONESIA, Jl. Margomulyo 44 (Jl. Margomulyo Industri XIII) Blok HH No. 9, 10, 20-22"
6703113,"Javaplas Pack, CV, JALAN SAMBISARI III NO 1"
6207717,"LIMA JAYA ABADI, PT, Margomulyo Indah Blok C12"
6207552,"LOKANINDO PRATAMA, Jl. Tambak Langon Indah Ii/4"
16808231,"MASTER MAT INDONESIA, JL. Romokalisari Industri Raya 1 No. 35 Surabaya"
6207454,"MIRAI MESIN INDUSTRI, PT, Jl. Romokalisari No. 33"
6200193,"MULTI INDOTAMA, CV, Tambak Langon Indah I No. 1"
98060880,"MULTI KARYA UTAMA, PT, JL. RAYA KENDUNG 15"
96913414,"MULTIKARYA UTAMA, CV, JALAN RAYA KENDUNG NO 19"
96978484,"PABRIK SARUNG TANGAN, TAMBAK LANGON INDAH 1 NO 4"
6206941,"PRIMA ANUGRA SENTOSA ABDI, KANDANGAN NO 88"
96965349,"ROTARI MAS SURYA, PT, Jl. Tanjungsari No. 30,"
6207474,"SAMUDRA SINAR ABADI SHIPYARD, Pergudangan Margomulyo Permai Blok F No. 19"
96978077,"SENTOSA RAYA INDAH, PT/SENTOSA KAYU IN, Jl. Margomulyo Indah Iv Blok B-16 ,"
96947925,"sukses expamet, kalianak barat 57c"
3173023,"SUMBER WIRA INDOSTEEL, Pergudangan Bumi Maspion, Jl. Romokalisari No.88, Segoromadu, Kec. Kebomas, Kabupaten Gresik, Jawa Timur 60192"
96675538,"SURYA JAYA PERKASA, PT, Jl. Margomulyo Permai Ac/4,"
6196653,"SURYAMAS MEGAH STEEL, JL. RAYA GREGES BARAT NO. 59"
3327471,"TANJUNGSARI PRIMA SENTOSA, JL.DUMAR INDUSTRI BLOK F NO.1"
16808899,"UNIVERSAL ENERGY PRATAMA, JL. ROMOKALISARI INDUSTRI RAYA NO 22"
96712876,"Wijaya Mentari Perkasa pt, Margomulyo Permai III Nomor 20 A"
6207344,"WILTAM JAYA, Tambak Langon 30 A"
6355447,"ATLANTIK ANUGRAH METALINDO. PT, JL. DUMAR INDUSTRI B A/5 ."
3423495,"ANUGERAH ARTHA KARYA, JL MARGOMULYO NO 44 BLOK K NO 8"
6200118,"ASPINDO MUTUAL, KOMPLEK PERGUDANGAN BUMI MASPION BLOK SELATAN V ROMO KALISARI SURABAYA Kel. Romokalisari Kec. Benowo Kab/Kota. Kota Surabaya Provinsi Jawa Timur"
96929150,"HOI HING INVESTMEN (CHA) PT, Jl. Raya Pakal No.71"
6207351,"INDUSTRI CAHAYA CIPTA INDONESIA, Jl. Mastrip 53 Kedurus"
96938335,"INKO ARTHA SAMUDERA, PT, Jl. Margomulyo 44 Blok Bb No.48 Kawasan Industri Surimulia"
96921490,"ISTANA TIARA, PT, Jl. Buntaran 8,"
6471471,"JACOBI CARBONS INDONESIA, Jl. ROMOKALISARI INDUSTRI XVI NO. 23 C DAN D"
4388318,"KEDUNGSARI MULTIPACK, JL MARGOMULYO"
98060877,"KHARISMA PANDU LIMA, PT, Jl. Margomulyo Indah A No.10 ,"
16808126,"KON HWA, Jl. Osoilangon No 19"
6200690,"LIONO ARTHA PERSADA, Jl. Tambak Langon Indah 1-3 Rt.001 Rw.001"
98060268,"LUCKY TOP METAL'S CORP, PT, Jl. Margomulyo No.8A ,"
3557544,"METALISHA SENTOSA, JL.MARGOMULYO PERMAI R/1, BUNTARAN"
6207259,"PALMA EIKO PACK, Mutiara Tambak Langon B16-17"
6207376,"PERKASA GUNA ABADI, Jl. Dumar Industri Blok H/18"
96908932,"PRIMA JAYA UD <MUNADI>, BUNTARAN NO 2"
6199664,"SAMA JAYA LESTARI, PT, Jl. Raya Kendung No. 08"
6206619,"SANMAS PT, Jl. Raya Babat Jerawat No.43"
2771998,"SARANA REKONDISI INDONESIA, JL RAYA TAMBAK OSOWILANGUN NO.61 KOMPLEK PERGUDANGAN OSOWILANGUN PERMAI BLOK B NO.1"
2555760,"SEMANGGI INDONESIA, JL.KENDUNG NO.50, SEMEMI"
16808602,"SEMERU TEKNIK, Romokalisari Industri Raya III/12"
6471431,"SINGA OAK INDUSTRY, Manukan Wetan 60 Blok. B No. 19 Rt.007 Rw.001"
16808785,"SURYAMAS SUKSES SELALU, Jl Romokalisari I/32"
2518539,"TALIMAS BAJA MANDIRI, Komplek Pergudangan Osowilangun Permai Blok C-11"
6206943,"TOTAL CEMERLANG INDONESIA, CV, Jl. Osowilangun Permai Blok E-16"
7489665,"Trade Corp Indonesia, Pusat Pergudangan Romokalisari Blok C No.8"
96943575,"YOSOMULYO JAJAG, PT, Jl. Margomulyo 69-71"
96998055,"BEN SANTOSO, PT, NILAM BARAT BARU NO. 20 , JL. SURABAYA"
96979611,"CENTRAL PROTEINA PRIMA, PT, Jl. Dupak Rukun 81 ,"
6199387,"COLINDO PERKASA ABADI, Jl. Jagalan No.62"
96997359,"DEWA RUCI AGUNG, PT, Jl. Nilam Barat 20 A"
258739,"DOK PERKAPALAN SURABAYA, PT <PERSERO>, JL. TANJUNG PERAK BARAT 435, SURABAYA"
96998018,"DUMAS TANJUNG PERAK SHIPYARD, PT, Jl. Nilam Barat No.12, 24 - 26, Surabaya"
96998110,"GALANGAN PELNI CABANG SURABAYA, PT, Jl. Nilam Barat 39"
96980548,"GLOBAL INTERINTI INDUSTRY,PT, JL. TANJUNG TEMBAGA 8, SURABAYA"
96997635,"ISM TBK DIV BOGASARI FLOUR MILS, PT / BOGASARI FLOUR MILS, PT, NILAM TIMUR 16, JL, SURABAYA"
96949171,"KASA HUSADA WIRA JATIM, PT, JALAN KALIMAS BARAT NO. 17 - 19"
6207115,"MADJU CV, Kedinding Lor No.12"
98060807,"MAKMUR, UD, Jl. Gresik Gadukan 306 ,"
96986917,"METRO ABDIBINA SENTOSA, PT, JL. RAYA GADING PANTAI NO 31"
96997451,"NAJATIM PT, Jl. Nilam Barat 43"
96720167,"NAM JAYA, Jl. Bulak Rukem Timur I/162 ,"
96821787,"PYRAMID, NV, SANTANA PUTRA PYRAMINDO.PT, Jl. Kalimas Timur 216-218, Surabaya"
96980177,"SALIM IVOMAS PRATAMA TBK, PT, TANJUNG TEMBAGA NO 2-6, JL, SURABAYA"
96928750,"SANJAYA, UD / SANJAYA AUTO PARTS .PT, Jl. Kyai Tambak Deres 27"
96802133,"BOOMAX CHEMICAL WORKS, CV, Jl. Teluk Kumai 58-B,"
97000965,"PT PAL INDONESIA <PERSERO> SURABAYA, JL TARUNA NO 66-68 UJUNG SURABAYA JATIM"
2786497,"ANUGERAH NAWWIS NUSANTARA, PENJARINAGN TIMUR XV, PERUM PANDUGO 1"
96711141,"ASIA PRAMULIA, PT, Jl. Raya Kedung Asem No.9 ,"
4856931,"BENGKEL ALUMINIUM <SUGIONO>, KEDUNG"
97000432,"CARBON & ELECTRIC, PT, RAYA RUNGKUT 30, JL"
6206820,"CHANDRA, UD, Jl. Wonorejo Permai Timur I Blok Ee-217"
4202308,"FARMA DJAJA ANUGERAH, JALAN MEDAYU SELATAN 18/Q-NO.3"
KI35780133,"HARI TERANG PT/INTERNATIONAL CHEMICAL INDUSTRI, PT"
96679409,"INTERATLAS MURNI, PT, Jl. Rungkut Industri 3/48 A"
KI35780042,"KARYA MAS MAKMUR, PT, JL. RUNGKUT INDUSTRI 2 NO 53"
3374069,"KAYU PRIMA LESTARI, RUKO NIRWANA REGENCY BLOK RK NO.79, PENJARINGAN SARI"
98060861,"KEDAUNG INDAH CAN TBK, PT, Jl. Raya Rungkut No. 15-17,"
96998613,"KEDAWUNG SUBUR PT, Jl. Raya Kali Rungkut 15-17"
96998915,"KEDAWUNG SURYA IND LTD, PT, Jl. Raya Rungkut 15 - 17,"
6198060,"MULTI ARTHAMAS GLASS INDUSTRY, PT, Jl. Kedung Baruk Tengah No. 8,"
KI35780066,"OMETRACO ARYA SAMANTHA PT BE, JL RUNGKUT INDUSTRI I/5-7"
96713915,"PARAGON SPESIAL METAL, Jl. Raya Kedung Asem No 9/C-1"
KI35780082,"SINAR PERMATA HALIM SWADAYA, PT, JL. RUNGKUT INDUSTRI II /43A"
6354214,"SUKSES 88, Rungkut Kidul Pesantren no 16"
6206799,"SURYA HUTAMA ANUGERAH, PT, JL. KENDALSARI UTARA NO.1"
16808818,"TEKNIKA IPALINDO, JL.PENJARINGAN ASRI XVI PS.I.C 8 RT 002 RW 006 SURABAYA"
96686944,"TEKNINDO GEOSISTEM UNGGUL, Wisma Sier Lt. 1 Jl. Rungkut Industri Raya No. 10"
7481550,"WIJAYA MAPANABADI, Jalan Raya Rungkut Menanggal 11 G-1"
16807671,"BINTANG JAYA, Jl. Raya Rungkut 2 A,"
96691797,"BIOLI LESTARI, PT, JL. GUNUNG ANYAR TAMBAK KAV. 115"
6200241,"HANA COSMETIC, UD, JL. RUNGKUT LOR RL 2 A NO. 21"
96940723,"BAYU MANDIRI, CV, Jl. Prambanan No.9, Pacar Keling, Kec. Tambaksari, Surabaya, Jawa Timur 60131"
97740122,"BENGKEL PAGAR, Jl. Lb. Sari No.kav 19 no. 57, Gading, Kec. Tambaksari, Surabaya, Jawa Timur 60134"
KI35780014,"CAMPINA ICE CREAM, PT, JL RUNGKUT INDUSTRI VIII NO 4"
96903911,"GENDA UD <PAKAIAN JADI>, RANGKAH 1 NO 50"
3291031,"HARAPAN TEKNIK, JL KEDUNG SROKO"
6207453,"Karunia Plastik, CV, jl. Lebak Timur IX/15 {kav.8}"
97004564,"KONVEKSI, LEBAK TIMUR 6 / 19-27, SURABAYA"
96967811,"KONVEKSI ISABELLA/KONVEKSI ANTON, Lebak Indah Asri 1/25"
96928132,"KONVEKSI PAKAIAN JADI, RANGKAH 1 NO 5"
KI35780056,"LIBRA, CV, JL RUNGKUT INDUSTRI I/37, KALIRUNGKUT, RUNGKUT"
6200859,"LIQI PLASTIK INDONESIA, PT, Jl. Kenjeran 485-B,"
97004054,"MURNI GOLD PRIMA, PT, Jl. Kenjeran No. 331, Surabaya"
3911545,"NAPOLEON LIGHT INDUSTRIES, JL KAPAS MADYA"
96979857,"PABRIK SEPATU SUNYOTO/UD LENTERA MAS, Jl. Ploso Baru No.43, Ploso, Kec. Tambaksari, Surabaya, Jawa Timur 60132"
97004262,"PABRIK TERPAL, LEBAK TIMUR GG"
97737652,"PENJAHIT <HJ SUMIATI>, JAGIRAN GGI NO 44"
4472326,"ROI SURYA PRIMA FARMA, JL KAPAS KRAMPUNG"
6201118,"SEMBILAN JAYA, Jl. Bogen Krajan 12-14"
6207264,"SINAR FAJAR, Jl. H Mochamad Noor No 102 / jl. kedung cowek 102"
3943009,"SUMBERDAYA GEMILANG, JL KENJERAN"
16741485,"TEMPAT KITA INDONESIA, Jalan Pacar No. 2"
96918262,"ACC, UD, Jl. Kyai Tambak Deres No. 94 B ,"
KI35780006,"ALMICOS PRATAMA, PT, JLN. RUNGKUT INDUSTRI III NO. 33, KELURAHAN RUNGKUT MENANGGAL, KECAMATAN GUNUNG ANYAR, KOTA SURABAYA"
96918474,"ANUGERAH OFFSIDE, CV, Kyai Tambak Deres 14, Surabaya"
KI35780009,"ARJUNA UTAMA KIMIA, PT, JL.RUNGKUT INDUSTRI I NO.18-22"
KI35780010,"ASIA PLASTIK, CV, JALAN RUNGKUT INDUSTRI III/52 SURABAYA"
KI35780107,"BAYER INDONESIA, PT, JL. RUNGKUT INDUSTRI I NO.12, KAWASAN INDUSTRI SIER"
96854863,"BERLIAN ABADI, CV, JL. NAMBANGAN NO. 31, SURABAYA"
KI35780015,"CATUR PUTRA SURYA, PT, JALAN RUNGKUT INDUSTRI III NO.36"
KI35780016,"CENTRAL WIRE INDUSTRIAL, PT, JALAN RUNGKUT INDUSTRI RAYA NO.17 A"
KI35780117,"CITRA NUTRINDO LANGGENG, PT, JL RUNGKUT INDUSTRI I NO 21, KENDANGSARI, TENGGILIS MEJOYO"
KI35780021,"CORONA MAS, PT, JL.RUNGKUT INDUSTRI IV NO.32 KELURAHAN RUNGKUT TENGAH KECAMATAN GUNUNG ANYAR"
96979082,"DRAGON ANUGERAH SEJAHTERA, PT, Jl. Kyai Tambak Deres 159, Surabaya"
97002941,"GOLDEN PIRAMID, PT, Jl. Kedung Cowek No.162 ,"
6200585,"IMEX TAMA, CV, Jl. Kyai Tambak Deres No. 287-291,"
KI35780037,"INDONESIA MULTI COLOUR PRINTING, KAWASAN INDUSTRI SIER, JL. RUNGKUT INDUSTRI I NO. 10"
97003714,"MATAHARI ANEKA JAYA, CV, Jl. Lebak Timur Indah ix No.6, Surabaya"
96854250,"PELANGI MAS WAISESA, CV, Jl. Nambangan No. 25, Surabaya"
3555926,"TRITUNGGAL CIPTA ANUGERAH, Jl. Kenjeran 336"
96918031,"ULTRA ENGINEERING, Jl. Kyaitambak Deres 16"
97004040,"UNTUNG BERSAMA SEJAHTERA, PT, JL. KENJERAN 395-399, SURABAYA"
6206968,"COLORS PRINT, Jl. Kenjeran 164"
96930161,"KEN JAYA GARMEN, UD, BULAK CUMPAT BARAT J NO. 24-25, SURABAYA"
6200771,"TERPAL INDAH, JL. LEBAK PERMAI III,"
98060815,"AKZO NOBEL RAUNG RESINS, PT / ALLNEX RESIN INDONESIA, PT, Jl. Rungkut Industri Ii/47"
96686285,"ALMICOS PRATAMA, PT, Jl. Rungkut Industri Iii/33,"
96995163,"ANTIKA RAYA PT, DEMAK 153"
6200512,"CHENTA TRANSMISSION INDONESIA, Jl. Rungkut Industri Iii/55"
6198439,"CIPTA AGUNG, PT, Jl. Rungkut Industri Ix/24"
KI35780118,"DAYA SATYA ABRASIVE, PT"
3372282,"DESTINI MARINE SAFETY, PERGUDANGAN BUMI BENOWO BLOK B-7 JL. JAWAR SURABAYA"
98060763,"DHARMA BUSANA ES, PT, Jl. Sidoyoso Iii/34-36"
3976862,"DOCK DAN PERKAPALAN IMMANIAR, JL KUTISARI SELATAN IV/1"
KI35780131,HANJAYA MANDALA SAMPOERNA
KI35780135,"INDONESIA MULTICOLOUR PRINTING, PT"
KI35780136,"INKUPLAS, PT/ ARRGANI, PT"
KI35780137,INTERNATIONAL CHEMICAL INDUSTRY
4372564,"KARET NGAGEL SURABAYA WIRA JATIM, KAWASAN INDUSTRI WIRA JATIM JL MASTRIP"
96949282,"KASA HUSADA WIRA JATIM, PT, Jl. Kalimas Barat 17-19, Surabaya"
96679182,"KETABANG KALI ELECTRONICS INDUSTRIES., JL. RUNGKUT INDUSTRI IV/40 ."
98060771,"KONVEKSI RAHARJO / LUWES TAYLOR, JL. KALISARI SAYANGAN 1/17-19"
KI35780051,"KREASI DASATAMA, PT, JL. RUNGKUT INDUSTRI I, NO.14, KAWASAN INDUSTRI SIER"
6207404,"LIMA BENUA KONEKSINDO, Jl. Panjang Jiwo 48 Blok B18"
6200101,"LIMAS ANUGRAH STEEL, Tanjungsari 44 Blok A No. 28"
3344111,"MASTER ARTHA KHARISMA, Jl. Pakal No.1, Pakal"
KI35780149,NAGASAKTI MAKMUR
KI35780156,"NIAGA LANCAR ABADI, UD"
16758624,"NS BLUESCOPE LYSAGHT INDONESIA, KAWASAN INDUSTRI SURABAYA INDUSTRIAL ESTATE RUNGKUT (SIER), JL. RUNGKUT INDUSTRI IV NO. 24"
98056882,"PACIFIC EQUINOX, PT, Jl. Rungkut Industri Iv/3 Surabaya"
96958514,"PERUM PERCETAKAN NEGARA RI CABANG SURA, Jl. Ahmad Yani No.34, Ketintang"
96959465,"PT ALIMI <PRODUKSI MINUMAN>, KEDONDONG 22"
96996179,"PT ATLAS COPCO INDONESIA, Rungkut Industri VII No. 6"
96843984,"PT UZINDO <DIANA>, Jl. Bumi Maspion No.2 No.14, Romokalisari, Kec. Benowo, Surabaya, Jawa Timur 60192"
97002895,"SAHABAT VIERI KUAN SEJAHTERA, JL. KEDUNG COWEK NO 353"
3061576,"SANJAYA AUTO PARTS, Jl. Kyai Tambak Deres 27"
3949117,"SIANTAR MADJU,PT, Jl. Raya Mastrip No.822A, Warugunung, Kec. Karangpilang, Surabaya, Jawa Timur 60221"
KI35780163,SIEGWERK INDONESIA
96690754,"SMART CORPORATION, PT, RAYA RUNGKUT INDUSTRI 19 , JL"
96688154,"SOLIHIN JAYA INDUSTRY LTD, PT, Jl. Rungkut Industri Iv/19 ,"
97001750,"SS UTAMA PT <ARDILES>, Raya manukan kulon 80"
96965555,"SS UTAMA, PT, Jl. Tanjungsari 12"
96682682,"STEEL PIPE INDUSTRY OF INDONESIA TBK PT, RUNGKUT INDUSTRI 1 NO 28 - 32"
6198744,"SUMBER WIRA INDOSTEEL, PT, Jl. Romokalisari Industri Raya Ii/58-60"
KI35780167,SURABAYA NOOR LEATHER
96996836,"SURABAYA NOOR LEATHER, PT, Jl. Rungkut Industri 4/16"
98060881,"SURYA PUTRA BARUTAMA, PT, Jl. Raya Mastrip Kedurus 23"
16817797,"Tira Austenite Tbk, Kawasan SIER, Jl. Brebek Industri V No. 17, Brebek"
97002477,"TOP WELL , PT, KEDUNG COWEK NO. 362"
96913403,"TOSHIN PT, MARGOMULYO INDAH CI"
KI35780089,"TOYOBO, CV, JL. RUNGKUT INDUSTRI II BLOK, NO. 51"
6703112,"TUJU HITAM SAKTI, PT / TUJU KUDA HITAM SAKTI, PT, Jl. Mulyorejo 146 Surabaya"
97740660,"TUNAS HARAPAN ENGENERING, PT, Jl. Dumar Industri F 2,"
3589330,"UNITED TRACTORS, Jalan Rungkut Industri III No.6"
96989649,"WARNA WARNI, PT, Jl. Wonorejo Ii/99,"
6200725,"WILSON INDOTOBACCO, Jl. Rungkut Industri Iv No. 16"
97733396,"KONVEKSI KAOS, DONOKERTO 2-6"
